Model,FID,IS
cgan,88.8430493927002,2.183830350637436
dcgan,199.71794296264648,1.7225032603740693
wgan,284.0614404296875,1.4500989508628845
