Model,FID,IS_mean,IS_std
patchqgan,245.5155792236328,1.7836788892745972,0.06471632421016693
