Model,FID,IS
cgan,90.9422378540039,1.907396912574768
dcgan,147.21929931640625,1.7688699960708618
wgan,249.84095764160156,1.5016329288482666
