Model,Strategy,Accuracy,Precision,Recall,F1,AUC,TrainTime
patchqgan,balance_50_50,0.7307692307692307,0.7307692307692307,1.0,0.8444444444444444,0.72827903091061,1.2895344020798802
