Model,FID,IS
cgan,112.84191131591797,1.7838764190673828
dcgan,444.0982666015625,1.3315762281417847
wgan,312.5376281738281,1.5584207773208618
