Model,Train_time_sec,Params,Inference_time_per_img_sec
mosaiq,1310.1186635289341,240.0,0.08320189284859225
patchqgan,21.980715022888035,120.0,0.03859976399689913
