Model,FID,IS_mean,IS_std
patchqgan,249.8146514892578,1.7485393047332765,0.04199863038957119
