Model,FID,IS
cgan,104.93624572753906,1.7251770734786986
dcgan,250.37866821289063,1.4194940328598022
wgan,176.88887634277344,1.5595189094543458
