Model,FID,IS_mean,IS_std
mosaiq,205.70118713378906,1.5797098875045776,0.020452868193387985
patchqgan,270.1306457519531,1.9182140827178955,0.06694528460502625
