Model,FID,IS
cgan,96.36653900146484,1.6891741752624512
dcgan,160.36957550048828,1.4269805550575256
wgan,201.3137969970703,1.5535064339637756
