Model,FID,IS_mean,IS_std
mosaiq,204.53573608398438,1.695958137512207,0.05507927015423775
