Model,Run,FID,IS
dcgan,0,444.0982666015625,1.3315762281417847
cgan,0,112.84191131591797,1.7838764190673828
wgan,0,312.5376281738281,1.5584207773208618
