Model,Run,FID,IS
dcgan,0,184.91397094726562,1.4928712844848633
dcgan,1,135.82518005371094,1.361089825630188
cgan,0,108.2916030883789,1.638737678527832
cgan,1,84.44147491455078,1.7396106719970703
wgan,0,214.0632781982422,1.529234766960144
wgan,1,188.56431579589844,1.5777781009674072
