Model,Run,FID,IS_mean,IS_std
patchqgan,0,202.7442626953125,1.7277345657348633,0.03997423127293587
