Model,Run,Train_time_sec,Params,Inference_time_per_img_sec
patchqgan,0,21.980715022888035,120,0.03859976399689913
mosaiq,0,1310.1186635289341,240,0.08320189284859225
