Model,Run,FID,IS_mean,IS_std
patchqgan,0,248.8616485595703,1.7348079681396484,0.04703865572810173
patchqgan,1,250.88319396972656,1.809011697769165,0.024591756984591484
patchqgan,2,246.4419403076172,1.6739219427108765,0.05133688077330589
patchqgan,3,244.02127075195312,1.7560213804244995,0.03908302262425423
patchqgan,4,258.8652038574219,1.7689335346221924,0.047942835837602615
